id,fname,lname,email,profession,city
1,Amit,Khan,amit.khan1@example.com,Analyst,Hyderabad
2,Rohit,Iyer,rohit.iyer2@example.com,Analyst,Delhi
3,Priya,Khan,priya.khan3@example.com,Doctor,Hyderabad
4,Pooja,Joshi,pooja.joshi4@example.com,Engineer,Delhi
5,Rohit,Khan,rohit.khan5@gmail.com,Consultant,Mumbai
6,Neha,Reddy,neha.reddy6@example.com,Manager,Delhi
7,Amit,Joshi,amit.joshi7@example.com,Developer,Ahmedabad
8,Neha,Khan,neha.khan8@example.com,Analyst,Bangalore
9,Arjun,Iyer,arjun.iyer9@example.com,Designer,Bangalore
10,Pooja,Khan,pooja.khan10@gmail.com,Doctor,Mumbai
11,Priya,Khan,priya.khan11@example.com,Analyst,Pune
12,Karan,Joshi,karan.joshi12@example.com,Manager,Pune
13,Rohit,Das,rohit.das13@gmail.com,Engineer,Mumbai
14,Priya,Mehta,priya.mehta14@gmail.com,Teacher,Chennai
15,Rohit,Patel,rohit.patel15@example.com,Doctor,Hyderabad
16,Neha,Reddy,neha.reddy16@example.com,Analyst,Hyderabad
17,Amit,Das,amit.das17@example.com,Designer,Chennai
18,Rohit,Mehta,rohit.mehta18@gmail.com,Engineer,Mumbai
19,Sneha,Khan,sneha.khan19@example.com,Consultant,Mumbai
20,Arjun,Joshi,arjun.joshi20@gmail.com,Engineer,Bangalore
21,Amit,Das,amit.das21@example.com,Designer,Delhi
22,Anjali,Das,anjali.das22@gmail.com,Teacher,Pune
23,Priya,Gupta,priya.gupta23@example.com,Analyst,Kolkata
24,Priya,Joshi,priya.joshi24@gmail.com,Engineer,Ahmedabad
25,Rohit,Gupta,rohit.gupta25@example.com,Doctor,Mumbai
26,Priya,Reddy,priya.reddy26@gmail.com,Consultant,Kolkata
27,Pooja,Iyer,pooja.iyer27@example.com,Designer,Chennai
28,Sneha,Gupta,sneha.gupta28@gmail.com,Developer,Chennai
29,Arjun,Gupta,arjun.gupta29@example.com,Manager,Delhi
30,Arjun,Das,arjun.das30@gmail.com,Analyst,Delhi
31,Arjun,Joshi,arjun.joshi31@example.com,Engineer,Ahmedabad
32,Rohit,Joshi,rohit.joshi32@gmail.com,Developer,Bangalore
33,Arjun,Reddy,arjun.reddy33@example.com,Doctor,Bangalore
34,Rohit,Patel,rohit.patel34@yahoo.com,Analyst,Ahmedabad
35,Rohit,Gupta,rohit.gupta35@example.com,Consultant,Bangalore
36,Neha,Das,neha.das36@yahoo.com,Analyst,Kolkata
37,Karan,Iyer,karan.iyer37@example.com,Analyst,Pune
38,Neha,Singh,neha.singh38@example.com,Consultant,Kolkata
39,Sneha,Gupta,sneha.gupta39@example.com,Doctor,Kolkata
40,Sneha,Singh,sneha.singh40@example.com,Engineer,Ahmedabad
41,Anjali,Singh,anjali.singh41@example.com,Manager,Kolkata
42,Pooja,Joshi,pooja.joshi42@example.com,Developer,Mumbai
43,Karan,Gupta,karan.gupta43@example.com,Engineer,Hyderabad
44,Rahul,Iyer,rahul.iyer44@example.com,Developer,Kolkata
45,Rohit,Gupta,rohit.gupta45@example.com,Consultant,Chennai
46,Pooja,Das,pooja.das46@example.com,Developer,Chennai
47,Sneha,Joshi,sneha.joshi47@yahoo.com,Doctor,Hyderabad
48,Anjali,Khan,anjali.khan48@yahoo.com,Designer,Pune
49,Amit,Joshi,amit.joshi49@example.com,Teacher,Mumbai
50,Rohit,Sharma,rohit.sharma50@yahoo.com,Engineer,Hyderabad
51,Neha,Singh,neha.singh51@example.com,Teacher,Pune
52,Karan,Patel,karan.patel52@yahoo.com,Teacher,Ahmedabad
53,Rohit,Sharma,rohit.sharma53@example.com,Engineer,Kolkata
54,Priya,Reddy,priya.reddy54@yahoo.com,Doctor,Chennai
55,Karan,Patel,karan.patel55@example.com,Manager,Bangalore
56,Rohit,Sharma,rohit.sharma56@yahoo.com,Doctor,Chennai
57,Pooja,Joshi,pooja.joshi57@example.com,Doctor,Hyderabad
58,Karan,Reddy,karan.reddy58@yahoo.com,Engineer,Kolkata
59,Neha,Gupta,neha.gupta59@example.com,Analyst,Bangalore
60,Arjun,Gupta,arjun.gupta60@example.com,Engineer,Pune
61,Anjali,Das,anjali.das61@example.com,Manager,Ahmedabad
62,Amit,Iyer,amit.iyer62@example.com,Doctor,Hyderabad
63,Karan,Khan,karan.khan63@example.com,Analyst,Chennai
64,Karan,Khan,karan.khan64@example.com,Analyst,Bangalore
65,Arjun,Iyer,arjun.iyer65@example.com,Manager,Chennai
66,Karan,Patel,karan.patel66@example.com,Consultant,Ahmedabad
67,Sneha,Mehta,sneha.mehta67@example.com,Teacher,Bangalore
68,Arjun,Reddy,arjun.reddy68@example.com,Developer,Mumbai
69,Pooja,Sharma,pooja.sharma69@example.com,Manager,Delhi
70,Arjun,Mehta,arjun.mehta70@example.com,Developer,Delhi
71,Amit,Reddy,amit.reddy71@example.com,Doctor,Chennai
72,Anjali,Patel,anjali.patel72@example.com,Engineer,Bangalore
73,Priya,Patel,priya.patel73@example.com,Manager,Bangalore
74,Anjali,Das,anjali.das74@example.com,Manager,Hyderabad
75,Sneha,Mehta,sneha.mehta75@example.com,Doctor,Ahmedabad
76,Rohit,Sharma,rohit.sharma76@example.com,Engineer,Pune
77,Amit,Das,amit.das77@example.com,Consultant,Chennai
78,Pooja,Gupta,pooja.gupta78@example.com,Consultant,Mumbai
79,Arjun,Joshi,arjun.joshi79@example.com,Manager,Kolkata
80,Rohit,Iyer,rohit.iyer80@example.com,Doctor,Delhi
81,Arjun,Mehta,arjun.mehta81@example.com,Engineer,Delhi
82,Karan,Khan,karan.khan82@example.com,Teacher,Mumbai
83,Neha,Gupta,neha.gupta83@example.com,Engineer,Pune
84,Priya,Das,priya.das84@example.com,Doctor,Hyderabad
85,Amit,Patel,amit.patel85@example.com,Engineer,Chennai
86,Rohit,Das,rohit.das86@example.com,Doctor,Chennai
87,Sneha,Sharma,sneha.sharma87@example.com,Doctor,Kolkata
88,Rohit,Khan,rohit.khan88@example.com,Manager,Pune
89,Arjun,Iyer,arjun.iyer89@example.com,Analyst,Hyderabad
90,Anjali,Khan,anjali.khan90@example.com,Consultant,Ahmedabad
91,Pooja,Iyer,pooja.iyer91@example.com,Teacher,Chennai
92,Karan,Reddy,karan.reddy92@example.com,Manager,Chennai
93,Rohit,Sharma,rohit.sharma93@example.com,Teacher,Hyderabad
94,Rohit,Khan,rohit.khan94@example.com,Manager,Ahmedabad
95,Rohit,Gupta,rohit.gupta95@example.com,Analyst,Chennai
96,Amit,Sharma,amit.sharma96@example.com,Manager,Kolkata
97,Priya,Singh,priya.singh97@example.com,Doctor,Ahmedabad
98,Priya,Joshi,priya.joshi98@example.com,Teacher,Pune
99,Amit,Joshi,amit.joshi99@example.com,Manager,Chennai
100,Sneha,Gupta,sneha.gupta100@example.com,Developer,Bangalore
101,Rahul,Reddy,rahul.reddy101@example.com,Engineer,Ahmedabad
102,Anjali,Patel,anjali.patel102@example.com,Analyst,Mumbai
103,Pooja,Patel,pooja.patel103@example.com,Teacher,Kolkata
104,Sneha,Mehta,sneha.mehta104@example.com,Teacher,Pune
105,Arjun,Iyer,arjun.iyer105@example.com,Teacher,Pune
106,Amit,Joshi,amit.joshi106@example.com,Doctor,Kolkata
107,Pooja,Reddy,pooja.reddy107@example.com,Engineer,Chennai
108,Neha,Gupta,neha.gupta108@example.com,Analyst,Mumbai
109,Pooja,Joshi,pooja.joshi109@example.com,Manager,Pune
110,Sneha,Joshi,sneha.joshi110@example.com,Doctor,Bangalore
111,Sneha,Sharma,sneha.sharma111@example.com,Manager,Mumbai
112,Amit,Joshi,amit.joshi112@example.com,Developer,Hyderabad
113,Anjali,Reddy,anjali.reddy113@example.com,Designer,Hyderabad
114,Pooja,Gupta,pooja.gupta114@example.com,Designer,Mumbai
115,Amit,Singh,amit.singh115@example.com,Analyst,Pune
116,Anjali,Patel,anjali.patel116@example.com,Designer,Hyderabad
117,Arjun,Sharma,arjun.sharma117@example.com,Teacher,Bangalore
118,Neha,Iyer,neha.iyer118@example.com,Analyst,Bangalore
119,Sneha,Patel,sneha.patel119@example.com,Teacher,Ahmedabad
120,Pooja,Das,pooja.das120@example.com,Consultant,Mumbai
121,Arjun,Patel,arjun.patel121@example.com,Manager,Pune
122,Arjun,Joshi,arjun.joshi122@example.com,Manager,Kolkata
123,Anjali,Das,anjali.das123@example.com,Analyst,Ahmedabad
124,Sneha,Patel,sneha.patel124@example.com,Engineer,Delhi
125,Pooja,Iyer,pooja.iyer125@example.com,Teacher,Ahmedabad
126,Sneha,Gupta,sneha.gupta126@example.com,Consultant,Ahmedabad
127,Anjali,Singh,anjali.singh127@example.com,Designer,Mumbai
128,Sneha,Iyer,sneha.iyer128@example.com,Developer,Bangalore
129,Pooja,Joshi,pooja.joshi129@example.com,Engineer,Chennai
130,Amit,Khan,amit.khan130@example.com,Engineer,Hyderabad
131,Pooja,Gupta,pooja.gupta131@example.com,Consultant,Kolkata
132,Karan,Patel,karan.patel132@example.com,Designer,Delhi
133,Pooja,Singh,pooja.singh133@example.com,Analyst,Pune
134,Priya,Patel,priya.patel134@example.com,Doctor,Hyderabad
135,Arjun,Patel,arjun.patel135@example.com,Designer,Mumbai
136,Rahul,Gupta,rahul.gupta136@example.com,Manager,Pune
137,Sneha,Iyer,sneha.iyer137@example.com,Doctor,Kolkata
138,Sneha,Khan,sneha.khan138@example.com,Analyst,Bangalore
139,Neha,Singh,neha.singh139@example.com,Developer,Ahmedabad
140,Rahul,Iyer,rahul.iyer140@example.com,Developer,Delhi
141,Rohit,Singh,rohit.singh141@example.com,Manager,Kolkata
142,Karan,Reddy,karan.reddy142@example.com,Designer,Pune
143,Priya,Singh,priya.singh143@example.com,Analyst,Mumbai
144,Rohit,Gupta,rohit.gupta144@example.com,Teacher,Delhi
145,Neha,Das,neha.das145@example.com,Manager,Mumbai
146,Rahul,Reddy,rahul.reddy146@example.com,Developer,Pune
147,Rohit,Patel,rohit.patel147@example.com,Engineer,Delhi
148,Arjun,Singh,arjun.singh148@example.com,Teacher,Kolkata
149,Amit,Khan,amit.khan149@example.com,Engineer,Chennai
150,Sneha,Khan,sneha.khan150@example.com,Analyst,Pune
151,Sneha,Patel,sneha.patel151@example.com,Doctor,Kolkata
152,Priya,Sharma,priya.sharma152@example.com,Developer,Chennai
153,Sneha,Khan,sneha.khan153@example.com,Developer,Bangalore
154,Arjun,Gupta,arjun.gupta154@example.com,Teacher,Chennai
155,Priya,Reddy,priya.reddy155@example.com,Teacher,Hyderabad
156,Priya,Singh,priya.singh156@example.com,Manager,Ahmedabad
157,Priya,Joshi,priya.joshi157@example.com,Analyst,Kolkata
158,Neha,Sharma,neha.sharma158@example.com,Engineer,Pune
159,Priya,Iyer,priya.iyer159@example.com,Teacher,Kolkata
160,Sneha,Reddy,sneha.reddy160@example.com,Doctor,Delhi
161,Anjali,Das,anjali.das161@example.com,Engineer,Chennai
162,Rahul,Joshi,rahul.joshi162@example.com,Engineer,Kolkata
163,Amit,Sharma,amit.sharma163@example.com,Designer,Ahmedabad
164,Anjali,Reddy,anjali.reddy164@example.com,Teacher,Mumbai
165,Priya,Reddy,priya.reddy165@example.com,Doctor,Kolkata
166,Anjali,Joshi,anjali.joshi166@example.com,Engineer,Mumbai
167,Amit,Khan,amit.khan167@example.com,Consultant,Mumbai
168,Sneha,Gupta,sneha.gupta168@example.com,Designer,Chennai
169,Neha,Gupta,neha.gupta169@example.com,Manager,Pune
170,Karan,Gupta,karan.gupta170@example.com,Doctor,Mumbai
171,Sneha,Das,sneha.das171@example.com,Teacher,Mumbai
172,Rohit,Reddy,rohit.reddy172@example.com,Designer,Mumbai
173,Sneha,Sharma,sneha.sharma173@example.com,Manager,Hyderabad
174,Karan,Das,karan.das174@example.com,Analyst,Hyderabad
175,Anjali,Mehta,anjali.mehta175@example.com,Engineer,Chennai
176,Pooja,Patel,pooja.patel176@example.com,Manager,Pune
177,Sneha,Patel,sneha.patel177@example.com,Doctor,Mumbai
178,Neha,Gupta,neha.gupta178@example.com,Teacher,Delhi
179,Priya,Gupta,priya.gupta179@example.com,Consultant,Kolkata
180,Sneha,Iyer,sneha.iyer180@example.com,Developer,Chennai
181,Pooja,Reddy,pooja.reddy181@example.com,Manager,Bangalore
182,Karan,Patel,karan.patel182@example.com,Teacher,Delhi
183,Karan,Sharma,karan.sharma183@example.com,Teacher,Kolkata
184,Sneha,Sharma,sneha.sharma184@example.com,Consultant,Chennai
185,Rohit,Khan,rohit.khan185@example.com,Manager,Mumbai
186,Arjun,Iyer,arjun.iyer186@example.com,Designer,Mumbai
187,Karan,Patel,karan.patel187@example.com,Manager,Bangalore
188,Rohit,Khan,rohit.khan188@example.com,Manager,Ahmedabad
189,Rohit,Iyer,rohit.iyer189@example.com,Analyst,Ahmedabad
190,Rohit,Sharma,rohit.sharma190@example.com,Designer,Chennai
191,Pooja,Khan,pooja.khan191@example.com,Doctor,Pune
192,Rohit,Singh,rohit.singh192@example.com,Doctor,Bangalore
193,Sneha,Joshi,sneha.joshi193@example.com,Analyst,Delhi
194,Anjali,Patel,anjali.patel194@example.com,Engineer,Chennai
195,Pooja,Das,pooja.das195@example.com,Manager,Kolkata
196,Rohit,Mehta,rohit.mehta196@example.com,Teacher,Mumbai
197,Arjun,Iyer,arjun.iyer197@example.com,Doctor,Chennai
198,Priya,Mehta,priya.mehta198@example.com,Designer,Pune
199,Amit,Singh,amit.singh199@example.com,Consultant,Kolkata
200,Amit,Khan,amit.khan200@example.com,Teacher,Hyderabad
201,Anjali,Singh,anjali.singh201@example.com,Developer,Ahmedabad
202,Pooja,Sharma,pooja.sharma202@example.com,Doctor,Mumbai
203,Sneha,Singh,sneha.singh203@example.com,Designer,Ahmedabad
204,Priya,Khan,priya.khan204@example.com,Engineer,Chennai
205,Amit,Das,amit.das205@example.com,Doctor,Ahmedabad
206,Rohit,Patel,rohit.patel206@example.com,Teacher,Delhi
207,Sneha,Reddy,sneha.reddy207@example.com,Analyst,Kolkata
208,Amit,Sharma,amit.sharma208@example.com,Analyst,Ahmedabad
209,Rohit,Sharma,rohit.sharma209@example.com,Doctor,Chennai
210,Rohit,Mehta,rohit.mehta210@example.com,Teacher,Hyderabad
211,Neha,Das,neha.das211@example.com,Designer,Kolkata
212,Anjali,Joshi,anjali.joshi212@example.com,Analyst,Chennai
213,Rahul,Iyer,rahul.iyer213@example.com,Consultant,Hyderabad
214,Neha,Das,neha.das214@example.com,Doctor,Hyderabad
215,Sneha,Mehta,sneha.mehta215@example.com,Teacher,Bangalore
216,Pooja,Joshi,pooja.joshi216@example.com,Designer,Kolkata
217,Amit,Gupta,amit.gupta217@example.com,Teacher,Kolkata
218,Neha,Das,neha.das218@example.com,Consultant,Pune
219,Amit,Gupta,amit.gupta219@example.com,Manager,Bangalore
220,Rahul,Reddy,rahul.reddy220@example.com,Doctor,Ahmedabad
221,Sneha,Singh,sneha.singh221@example.com,Manager,Hyderabad
222,Karan,Mehta,karan.mehta222@example.com,Developer,Mumbai
223,Sneha,Mehta,sneha.mehta223@example.com,Engineer,Chennai
224,Neha,Khan,neha.khan224@example.com,Analyst,Ahmedabad
225,Rohit,Das,rohit.das225@example.com,Designer,Mumbai
226,Pooja,Patel,pooja.patel226@example.com,Consultant,Ahmedabad
227,Anjali,Iyer,anjali.iyer227@example.com,Manager,Mumbai
228,Neha,Gupta,neha.gupta228@example.com,Teacher,Ahmedabad
229,Arjun,Sharma,arjun.sharma229@example.com,Doctor,Bangalore
230,Amit,Iyer,amit.iyer230@example.com,Analyst,Bangalore
231,Rohit,Joshi,rohit.joshi231@example.com,Consultant,Delhi
232,Priya,Patel,priya.patel232@example.com,Doctor,Mumbai
233,Neha,Reddy,neha.reddy233@example.com,Analyst,Bangalore
234,Rahul,Patel,rahul.patel234@example.com,Teacher,Chennai
235,Sneha,Gupta,sneha.gupta235@example.com,Manager,Delhi
236,Pooja,Mehta,pooja.mehta236@example.com,Designer,Mumbai
237,Rahul,Khan,rahul.khan237@example.com,Engineer,Pune
238,Arjun,Joshi,arjun.joshi238@example.com,Engineer,Delhi
239,Arjun,Reddy,arjun.reddy239@example.com,Teacher,Ahmedabad
240,Pooja,Joshi,pooja.joshi240@example.com,Designer,Kolkata
241,Sneha,Reddy,sneha.reddy241@example.com,Developer,Chennai
242,Pooja,Khan,pooja.khan242@example.com,Developer,Bangalore
243,Amit,Joshi,amit.joshi243@example.com,Teacher,Kolkata
244,Sneha,Singh,sneha.singh244@example.com,Developer,Bangalore
245,Amit,Mehta,amit.mehta245@example.com,Designer,Pune
246,Neha,Reddy,neha.reddy246@example.com,Designer,Ahmedabad
247,Pooja,Singh,pooja.singh247@example.com,Teacher,Delhi
248,Arjun,Reddy,arjun.reddy248@example.com,Developer,Ahmedabad
249,Sneha,Reddy,sneha.reddy249@example.com,Consultant,Pune
250,Priya,Singh,priya.singh250@example.com,Manager,Kolkata
251,Neha,Singh,neha.singh251@example.com,Manager,Kolkata
252,Amit,Reddy,amit.reddy252@example.com,Consultant,Pune
253,Pooja,Reddy,pooja.reddy253@example.com,Developer,Pune
254,Anjali,Das,anjali.das254@example.com,Developer,Delhi
255,Priya,Das,priya.das255@example.com,Analyst,Kolkata
256,Pooja,Patel,pooja.patel256@example.com,Manager,Chennai
257,Karan,Sharma,karan.sharma257@example.com,Teacher,Mumbai
258,Rahul,Sharma,rahul.sharma258@example.com,Engineer,Ahmedabad
259,Arjun,Das,arjun.das259@example.com,Manager,Hyderabad
260,Rohit,Singh,rohit.singh260@example.com,Developer,Pune
261,Neha,Iyer,neha.iyer261@example.com,Consultant,Ahmedabad
262,Neha,Singh,neha.singh262@example.com,Doctor,Kolkata
263,Rohit,Das,rohit.das263@example.com,Teacher,Hyderabad
264,Sneha,Joshi,sneha.joshi264@example.com,Doctor,Hyderabad
265,Arjun,Khan,arjun.khan265@example.com,Consultant,Pune
266,Arjun,Joshi,arjun.joshi266@example.com,Consultant,Ahmedabad
267,Priya,Khan,priya.khan267@example.com,Doctor,Chennai
268,Karan,Khan,karan.khan268@example.com,Engineer,Kolkata
269,Karan,Mehta,karan.mehta269@example.com,Analyst,Ahmedabad
270,Rahul,Gupta,rahul.gupta270@example.com,Doctor,Chennai
271,Rohit,Das,rohit.das271@example.com,Manager,Delhi
272,Priya,Das,priya.das272@example.com,Manager,Ahmedabad
273,Arjun,Patel,arjun.patel273@example.com,Doctor,Chennai
274,Arjun,Singh,arjun.singh274@example.com,Designer,Ahmedabad
275,Amit,Sharma,amit.sharma275@example.com,Doctor,Delhi
276,Arjun,Sharma,arjun.sharma276@example.com,Doctor,Kolkata
277,Sneha,Khan,sneha.khan277@example.com,Manager,Delhi
278,Amit,Sharma,amit.sharma278@example.com,Manager,Mumbai
279,Sneha,Reddy,sneha.reddy279@example.com,Consultant,Delhi
280,Karan,Singh,karan.singh280@example.com,Designer,Mumbai
281,Amit,Joshi,amit.joshi281@example.com,Teacher,Kolkata
282,Sneha,Gupta,sneha.gupta282@example.com,Consultant,Delhi
283,Neha,Das,neha.das283@example.com,Teacher,Hyderabad
284,Rahul,Reddy,rahul.reddy284@example.com,Analyst,Hyderabad
285,Arjun,Gupta,arjun.gupta285@example.com,Developer,Delhi
286,Arjun,Das,arjun.das286@example.com,Manager,Kolkata
287,Karan,Das,karan.das287@example.com,Developer,Mumbai
288,Rohit,Gupta,rohit.gupta288@example.com,Designer,Kolkata
289,Rahul,Khan,rahul.khan289@example.com,Developer,Ahmedabad
290,Anjali,Khan,anjali.khan290@example.com,Developer,Chennai
291,Rahul,Iyer,rahul.iyer291@example.com,Analyst,Hyderabad
292,Neha,Patel,neha.patel292@example.com,Analyst,Kolkata
293,Priya,Gupta,priya.gupta293@example.com,Designer,Bangalore
294,Arjun,Iyer,arjun.iyer294@example.com,Developer,Pune
295,Anjali,Gupta,anjali.gupta295@example.com,Doctor,Pune
296,Anjali,Iyer,anjali.iyer296@example.com,Analyst,Delhi
297,Anjali,Joshi,anjali.joshi297@example.com,Consultant,Pune
298,Priya,Reddy,priya.reddy298@example.com,Consultant,Bangalore
299,Anjali,Das,anjali.das299@example.com,Developer,Ahmedabad
300,Amit,Iyer,amit.iyer300@example.com,Doctor,Mumbai
301,Pooja,Iyer,pooja.iyer301@example.com,Developer,Kolkata
302,Rahul,Joshi,rahul.joshi302@example.com,Teacher,Pune
303,Arjun,Khan,arjun.khan303@example.com,Developer,Kolkata
304,Rohit,Sharma,rohit.sharma304@example.com,Engineer,Mumbai
305,Sneha,Joshi,sneha.joshi305@example.com,Teacher,Hyderabad
306,Arjun,Joshi,arjun.joshi306@example.com,Designer,Kolkata
307,Neha,Patel,neha.patel307@example.com,Manager,Chennai
308,Neha,Sharma,neha.sharma308@example.com,Doctor,Mumbai
309,Rahul,Mehta,rahul.mehta309@example.com,Designer,Pune
310,Arjun,Joshi,arjun.joshi310@example.com,Designer,Kolkata
311,Pooja,Patel,pooja.patel311@example.com,Manager,Pune
312,Pooja,Das,pooja.das312@example.com,Teacher,Mumbai
313,Amit,Mehta,amit.mehta313@example.com,Engineer,Mumbai
314,Anjali,Patel,anjali.patel314@example.com,Manager,Chennai
315,Rohit,Sharma,rohit.sharma315@example.com,Teacher,Kolkata
316,Amit,Reddy,amit.reddy316@example.com,Teacher,Bangalore
317,Rahul,Singh,rahul.singh317@example.com,Doctor,Pune
318,Karan,Iyer,karan.iyer318@example.com,Engineer,Hyderabad
319,Rahul,Patel,rahul.patel319@example.com,Teacher,Chennai
320,Anjali,Iyer,anjali.iyer320@example.com,Analyst,Chennai
321,Karan,Mehta,karan.mehta321@example.com,Consultant,Chennai
322,Priya,Patel,priya.patel322@example.com,Manager,Pune
323,Amit,Patel,amit.patel323@example.com,Designer,Pune
324,Priya,Sharma,priya.sharma324@example.com,Manager,Mumbai
325,Pooja,Mehta,pooja.mehta325@example.com,Manager,Mumbai
326,Rohit,Sharma,rohit.sharma326@example.com,Engineer,Bangalore
327,Anjali,Das,anjali.das327@example.com,Analyst,Bangalore
328,Sneha,Khan,sneha.khan328@example.com,Developer,Mumbai
329,Karan,Joshi,karan.joshi329@example.com,Manager,Hyderabad
330,Arjun,Joshi,arjun.joshi330@example.com,Teacher,Hyderabad
331,Anjali,Mehta,anjali.mehta331@example.com,Analyst,Hyderabad
332,Sneha,Mehta,sneha.mehta332@example.com,Analyst,Pune
333,Priya,Das,priya.das333@example.com,Analyst,Ahmedabad
334,Amit,Das,amit.das334@example.com,Doctor,Kolkata
335,Sneha,Mehta,sneha.mehta335@example.com,Teacher,Bangalore
336,Arjun,Reddy,arjun.reddy336@example.com,Engineer,Bangalore
337,Amit,Sharma,amit.sharma337@example.com,Designer,Bangalore
338,Anjali,Khan,anjali.khan338@example.com,Designer,Bangalore
339,Sneha,Sharma,sneha.sharma339@example.com,Designer,Kolkata
340,Rohit,Khan,rohit.khan340@example.com,Designer,Chennai
341,Sneha,Khan,sneha.khan341@example.com,Engineer,Delhi
342,Arjun,Reddy,arjun.reddy342@example.com,Manager,Kolkata
343,Priya,Patel,priya.patel343@example.com,Consultant,Bangalore
344,Rohit,Patel,rohit.patel344@example.com,Teacher,Kolkata
345,Neha,Joshi,neha.joshi345@example.com,Teacher,Hyderabad
346,Neha,Mehta,neha.mehta346@example.com,Designer,Hyderabad
347,Anjali,Das,anjali.das347@example.com,Developer,Delhi
348,Priya,Das,priya.das348@example.com,Doctor,Chennai
349,Priya,Sharma,priya.sharma349@example.com,Designer,Kolkata
350,Karan,Sharma,karan.sharma350@example.com,Analyst,Chennai
351,Sneha,Reddy,sneha.reddy351@example.com,Designer,Bangalore
352,Priya,Mehta,priya.mehta352@example.com,Engineer,Hyderabad
353,Priya,Sharma,priya.sharma353@example.com,Analyst,Chennai
354,Anjali,Das,anjali.das354@example.com,Engineer,Chennai
355,Pooja,Mehta,pooja.mehta355@example.com,Manager,Ahmedabad
356,Anjali,Gupta,anjali.gupta356@example.com,Consultant,Chennai
357,Sneha,Das,sneha.das357@example.com,Teacher,Kolkata
358,Anjali,Das,anjali.das358@example.com,Analyst,Kolkata
359,Sneha,Joshi,sneha.joshi359@example.com,Engineer,Ahmedabad
360,Arjun,Khan,arjun.khan360@example.com,Engineer,Delhi
361,Rahul,Das,rahul.das361@example.com,Teacher,Mumbai
362,Neha,Joshi,neha.joshi362@example.com,Designer,Kolkata
363,Priya,Patel,priya.patel363@example.com,Teacher,Mumbai
364,Amit,Mehta,amit.mehta364@example.com,Teacher,Pune
365,Neha,Mehta,neha.mehta365@example.com,Designer,Chennai
366,Amit,Joshi,amit.joshi366@example.com,Consultant,Hyderabad
367,Sneha,Patel,sneha.patel367@example.com,Developer,Ahmedabad
368,Rohit,Patel,rohit.patel368@example.com,Consultant,Delhi
369,Rahul,Das,rahul.das369@example.com,Doctor,Hyderabad
370,Rohit,Sharma,rohit.sharma370@example.com,Designer,Kolkata
371,Neha,Iyer,neha.iyer371@example.com,Consultant,Kolkata
372,Rohit,Gupta,rohit.gupta372@example.com,Developer,Kolkata
373,Amit,Sharma,amit.sharma373@example.com,Analyst,Ahmedabad
374,Amit,Iyer,amit.iyer374@example.com,Teacher,Kolkata
375,Sneha,Khan,sneha.khan375@example.com,Doctor,Delhi
376,Priya,Reddy,priya.reddy376@example.com,Consultant,Pune
377,Rohit,Singh,rohit.singh377@example.com,Doctor,Bangalore
378,Rohit,Singh,rohit.singh378@example.com,Analyst,Ahmedabad
379,Rahul,Sharma,rahul.sharma379@example.com,Developer,Chennai
380,Pooja,Singh,pooja.singh380@example.com,Consultant,Kolkata
381,Rahul,Sharma,rahul.sharma381@example.com,Teacher,Kolkata
382,Rohit,Sharma,rohit.sharma382@example.com,Manager,Pune
383,Priya,Gupta,priya.gupta383@example.com,Consultant,Mumbai
384,Rahul,Patel,rahul.patel384@example.com,Analyst,Hyderabad
385,Rohit,Patel,rohit.patel385@example.com,Developer,Hyderabad
386,Rahul,Joshi,rahul.joshi386@example.com,Doctor,Hyderabad
387,Neha,Mehta,neha.mehta387@example.com,Analyst,Pune
388,Neha,Joshi,neha.joshi388@example.com,Engineer,Mumbai
389,Sneha,Joshi,sneha.joshi389@example.com,Teacher,Mumbai
390,Arjun,Sharma,arjun.sharma390@example.com,Engineer,Delhi
391,Amit,Reddy,amit.reddy391@example.com,Engineer,Ahmedabad
392,Pooja,Iyer,pooja.iyer392@example.com,Analyst,Chennai
393,Karan,Gupta,karan.gupta393@example.com,Teacher,Hyderabad
394,Karan,Joshi,karan.joshi394@example.com,Engineer,Hyderabad
395,Rahul,Gupta,rahul.gupta395@example.com,Analyst,Chennai
396,Amit,Khan,amit.khan396@example.com,Manager,Chennai
397,Amit,Joshi,amit.joshi397@example.com,Developer,Chennai
398,Arjun,Khan,arjun.khan398@example.com,Developer,Delhi
399,Sneha,Joshi,sneha.joshi399@example.com,Teacher,Chennai
400,Rahul,Patel,rahul.patel400@example.com,Designer,Pune
401,Rahul,Mehta,rahul.mehta401@example.com,Teacher,Pune
402,Sneha,Iyer,sneha.iyer402@example.com,Designer,Bangalore
403,Neha,Das,neha.das403@example.com,Teacher,Chennai
404,Karan,Sharma,karan.sharma404@example.com,Analyst,Bangalore
405,Sneha,Singh,sneha.singh405@example.com,Engineer,Mumbai
406,Priya,Joshi,priya.joshi406@example.com,Analyst,Pune
407,Priya,Patel,priya.patel407@example.com,Doctor,Bangalore
408,Anjali,Mehta,anjali.mehta408@example.com,Developer,Chennai
409,Anjali,Gupta,anjali.gupta409@example.com,Analyst,Chennai
410,Priya,Joshi,priya.joshi410@example.com,Manager,Bangalore
411,Anjali,Iyer,anjali.iyer411@example.com,Doctor,Ahmedabad
412,Arjun,Patel,arjun.patel412@example.com,Manager,Bangalore
413,Neha,Singh,neha.singh413@example.com,Teacher,Hyderabad
414,Pooja,Singh,pooja.singh414@example.com,Manager,Mumbai
415,Arjun,Joshi,arjun.joshi415@example.com,Manager,Delhi
416,Neha,Khan,neha.khan416@example.com,Manager,Mumbai
417,Neha,Sharma,neha.sharma417@example.com,Engineer,Bangalore
418,Priya,Joshi,priya.joshi418@example.com,Analyst,Mumbai
419,Rahul,Iyer,rahul.iyer419@example.com,Consultant,Ahmedabad
420,Rahul,Singh,rahul.singh420@example.com,Manager,Mumbai
421,Anjali,Mehta,anjali.mehta421@example.com,Analyst,Hyderabad
422,Rahul,Iyer,rahul.iyer422@example.com,Developer,Bangalore
423,Anjali,Sharma,anjali.sharma423@example.com,Developer,Ahmedabad
424,Sneha,Patel,sneha.patel424@example.com,Engineer,Chennai
425,Anjali,Khan,anjali.khan425@example.com,Developer,Ahmedabad
426,Amit,Mehta,amit.mehta426@example.com,Manager,Kolkata
427,Karan,Sharma,karan.sharma427@example.com,Analyst,Mumbai
428,Pooja,Joshi,pooja.joshi428@example.com,Designer,Pune
429,Pooja,Iyer,pooja.iyer429@example.com,Developer,Delhi
430,Arjun,Gupta,arjun.gupta430@example.com,Analyst,Pune
431,Anjali,Mehta,anjali.mehta431@example.com,Manager,Kolkata
432,Sneha,Gupta,sneha.gupta432@example.com,Developer,Delhi
433,Rohit,Patel,rohit.patel433@example.com,Engineer,Bangalore
434,Sneha,Sharma,sneha.sharma434@example.com,Teacher,Delhi
435,Rahul,Joshi,rahul.joshi435@example.com,Engineer,Pune
436,Sneha,Patel,sneha.patel436@example.com,Doctor,Mumbai
437,Arjun,Mehta,arjun.mehta437@example.com,Teacher,Pune
438,Priya,Sharma,priya.sharma438@example.com,Manager,Kolkata
439,Rohit,Khan,rohit.khan439@example.com,Doctor,Ahmedabad
440,Karan,Singh,karan.singh440@example.com,Doctor,Chennai
441,Priya,Sharma,priya.sharma441@example.com,Engineer,Delhi
442,Pooja,Iyer,pooja.iyer442@example.com,Designer,Delhi
443,Karan,Patel,karan.patel443@example.com,Doctor,Mumbai
444,Amit,Reddy,amit.reddy444@example.com,Consultant,Bangalore
445,Neha,Iyer,neha.iyer445@example.com,Developer,Hyderabad
446,Arjun,Khan,arjun.khan446@example.com,Teacher,Hyderabad
447,Priya,Das,priya.das447@example.com,Analyst,Mumbai
448,Arjun,Joshi,arjun.joshi448@example.com,Designer,Kolkata
449,Sneha,Das,sneha.das449@example.com,Designer,Pune
450,Priya,Mehta,priya.mehta450@example.com,Consultant,Kolkata
451,Amit,Mehta,amit.mehta451@example.com,Manager,Mumbai
452,Neha,Joshi,neha.joshi452@example.com,Engineer,Kolkata
453,Anjali,Patel,anjali.patel453@example.com,Designer,Delhi
454,Priya,Khan,priya.khan454@example.com,Designer,Hyderabad
455,Rahul,Das,rahul.das455@example.com,Analyst,Bangalore
456,Karan,Joshi,karan.joshi456@example.com,Engineer,Chennai
457,Rohit,Joshi,rohit.joshi457@example.com,Doctor,Mumbai
458,Anjali,Iyer,anjali.iyer458@example.com,Developer,Ahmedabad
459,Priya,Mehta,priya.mehta459@example.com,Analyst,Chennai
460,Priya,Khan,priya.khan460@example.com,Manager,Kolkata
461,Sneha,Das,sneha.das461@example.com,Developer,Delhi
462,Amit,Reddy,amit.reddy462@example.com,Designer,Pune
463,Karan,Gupta,karan.gupta463@example.com,Engineer,Chennai
464,Pooja,Sharma,pooja.sharma464@example.com,Developer,Mumbai
465,Rohit,Reddy,rohit.reddy465@example.com,Developer,Delhi
466,Amit,Mehta,amit.mehta466@example.com,Analyst,Pune
467,Sneha,Sharma,sneha.sharma467@example.com,Doctor,Pune
468,Karan,Khan,karan.khan468@example.com,Developer,Ahmedabad
469,Sneha,Iyer,sneha.iyer469@example.com,Designer,Mumbai
470,Pooja,Singh,pooja.singh470@example.com,Doctor,Delhi
471,Sneha,Gupta,sneha.gupta471@example.com,Consultant,Ahmedabad
472,Amit,Joshi,amit.joshi472@example.com,Analyst,Kolkata
473,Pooja,Gupta,pooja.gupta473@example.com,Analyst,Mumbai
474,Rohit,Singh,rohit.singh474@example.com,Consultant,Ahmedabad
475,Sneha,Singh,sneha.singh475@example.com,Developer,Pune
476,Priya,Khan,priya.khan476@example.com,Teacher,Kolkata
477,Neha,Das,neha.das477@example.com,Teacher,Mumbai
478,Neha,Joshi,neha.joshi478@example.com,Analyst,Chennai
479,Priya,Iyer,priya.iyer479@example.com,Doctor,Pune
480,Arjun,Joshi,arjun.joshi480@example.com,Manager,Ahmedabad
481,Rahul,Patel,rahul.patel481@example.com,Doctor,Hyderabad
482,Rahul,Singh,rahul.singh482@example.com,Analyst,Mumbai
483,Rahul,Khan,rahul.khan483@example.com,Teacher,Delhi
484,Neha,Khan,neha.khan484@example.com,Manager,Kolkata
485,Rahul,Khan,rahul.khan485@example.com,Developer,Mumbai
486,Arjun,Patel,arjun.patel486@example.com,Designer,Bangalore
487,Anjali,Gupta,anjali.gupta487@example.com,Consultant,Mumbai
488,Neha,Gupta,neha.gupta488@example.com,Developer,Pune
489,Neha,Reddy,neha.reddy489@example.com,Manager,Chennai
490,Rahul,Gupta,rahul.gupta490@example.com,Doctor,Delhi
491,Amit,Patel,amit.patel491@example.com,Consultant,Bangalore
492,Neha,Das,neha.das492@example.com,Consultant,Hyderabad
493,Karan,Reddy,karan.reddy493@example.com,Designer,Ahmedabad
494,Karan,Das,karan.das494@example.com,Manager,Mumbai
495,Arjun,Singh,arjun.singh495@example.com,Consultant,Ahmedabad
496,Priya,Gupta,priya.gupta496@example.com,Manager,Pune
497,Neha,Iyer,neha.iyer497@example.com,Engineer,Mumbai
498,Amit,Mehta,amit.mehta498@example.com,Teacher,Bangalore
499,Priya,Sharma,priya.sharma499@example.com,Designer,Kolkata
500,Amit,Patel,amit.patel500@example.com,Analyst,Mumbai
501,Pooja,Singh,pooja.singh501@example.com,Manager,Ahmedabad
502,Amit,Singh,amit.singh502@example.com,Engineer,Kolkata
503,Arjun,Das,arjun.das503@example.com,Consultant,Hyderabad
504,Amit,Patel,amit.patel504@example.com,Consultant,Chennai
505,Priya,Sharma,priya.sharma505@example.com,Engineer,Mumbai
506,Pooja,Patel,pooja.patel506@example.com,Designer,Kolkata
507,Pooja,Das,pooja.das507@example.com,Developer,Pune
508,Rohit,Sharma,rohit.sharma508@example.com,Engineer,Ahmedabad
509,Karan,Khan,karan.khan509@example.com,Engineer,Delhi
510,Arjun,Joshi,arjun.joshi510@example.com,Engineer,Kolkata
511,Amit,Mehta,amit.mehta511@example.com,Teacher,Chennai
512,Pooja,Sharma,pooja.sharma512@example.com,Doctor,Bangalore
513,Arjun,Joshi,arjun.joshi513@example.com,Manager,Mumbai
514,Karan,Reddy,karan.reddy514@example.com,Engineer,Kolkata
515,Rohit,Khan,rohit.khan515@example.com,Designer,Chennai
516,Priya,Gupta,priya.gupta516@example.com,Manager,Chennai
517,Rahul,Singh,rahul.singh517@example.com,Designer,Delhi
518,Arjun,Khan,arjun.khan518@example.com,Developer,Ahmedabad
519,Rahul,Sharma,rahul.sharma519@example.com,Analyst,Bangalore
520,Sneha,Patel,sneha.patel520@example.com,Consultant,Kolkata
521,Pooja,Khan,pooja.khan521@example.com,Doctor,Pune
522,Rahul,Reddy,rahul.reddy522@example.com,Engineer,Delhi
523,Karan,Reddy,karan.reddy523@example.com,Manager,Hyderabad
524,Neha,Patel,neha.patel524@example.com,Engineer,Chennai
525,Pooja,Iyer,pooja.iyer525@example.com,Analyst,Chennai
526,Karan,Khan,karan.khan526@example.com,Teacher,Delhi
527,Rahul,Mehta,rahul.mehta527@example.com,Teacher,Pune
528,Rohit,Joshi,rohit.joshi528@example.com,Developer,Bangalore
529,Neha,Sharma,neha.sharma529@example.com,Engineer,Delhi
530,Rohit,Reddy,rohit.reddy530@example.com,Developer,Bangalore
531,Rohit,Mehta,rohit.mehta531@example.com,Developer,Delhi
532,Pooja,Khan,pooja.khan532@example.com,Analyst,Bangalore
533,Sneha,Patel,sneha.patel533@example.com,Consultant,Pune
534,Rahul,Das,rahul.das534@example.com,Designer,Bangalore
535,Anjali,Das,anjali.das535@example.com,Designer,Ahmedabad
536,Karan,Sharma,karan.sharma536@example.com,Doctor,Chennai
537,Neha,Iyer,neha.iyer537@example.com,Doctor,Hyderabad
538,Arjun,Sharma,arjun.sharma538@example.com,Consultant,Hyderabad
539,Rahul,Iyer,rahul.iyer539@example.com,Doctor,Delhi
540,Anjali,Singh,anjali.singh540@example.com,Teacher,Chennai
541,Priya,Singh,priya.singh541@example.com,Consultant,Hyderabad
542,Anjali,Khan,anjali.khan542@example.com,Consultant,Chennai
543,Rohit,Iyer,rohit.iyer543@example.com,Doctor,Ahmedabad
544,Arjun,Das,arjun.das544@example.com,Analyst,Chennai
545,Anjali,Das,anjali.das545@example.com,Teacher,Mumbai
546,Karan,Singh,karan.singh546@example.com,Analyst,Hyderabad
547,Rohit,Iyer,rohit.iyer547@example.com,Manager,Pune
548,Rohit,Patel,rohit.patel548@example.com,Developer,Hyderabad
549,Priya,Sharma,priya.sharma549@example.com,Engineer,Ahmedabad
550,Priya,Gupta,priya.gupta550@example.com,Teacher,Chennai
551,Amit,Khan,amit.khan551@example.com,Consultant,Kolkata
552,Neha,Reddy,neha.reddy552@example.com,Doctor,Bangalore
553,Karan,Patel,karan.patel553@example.com,Teacher,Ahmedabad
554,Pooja,Patel,pooja.patel554@example.com,Teacher,Chennai
555,Anjali,Gupta,anjali.gupta555@example.com,Developer,Bangalore
556,Pooja,Joshi,pooja.joshi556@example.com,Analyst,Mumbai
557,Amit,Das,amit.das557@example.com,Analyst,Hyderabad
558,Rahul,Sharma,rahul.sharma558@example.com,Manager,Bangalore
559,Priya,Gupta,priya.gupta559@example.com,Doctor,Delhi
560,Sneha,Gupta,sneha.gupta560@example.com,Doctor,Ahmedabad
561,Neha,Iyer,neha.iyer561@example.com,Teacher,Chennai
562,Neha,Sharma,neha.sharma562@example.com,Designer,Chennai
563,Priya,Mehta,priya.mehta563@example.com,Consultant,Delhi
564,Neha,Singh,neha.singh564@example.com,Engineer,Chennai
565,Amit,Mehta,amit.mehta565@example.com,Developer,Pune
566,Amit,Gupta,amit.gupta566@example.com,Analyst,Hyderabad
567,Amit,Reddy,amit.reddy567@example.com,Teacher,Kolkata
568,Anjali,Mehta,anjali.mehta568@example.com,Developer,Kolkata
569,Priya,Sharma,priya.sharma569@example.com,Manager,Chennai
570,Rahul,Iyer,rahul.iyer570@example.com,Consultant,Delhi
571,Rohit,Reddy,rohit.reddy571@example.com,Consultant,Chennai
572,Amit,Joshi,amit.joshi572@example.com,Analyst,Chennai
573,Anjali,Das,anjali.das573@example.com,Developer,Hyderabad
574,Sneha,Reddy,sneha.reddy574@example.com,Engineer,Bangalore
575,Priya,Iyer,priya.iyer575@example.com,Doctor,Mumbai
576,Priya,Khan,priya.khan576@example.com,Manager,Chennai
577,Rahul,Patel,rahul.patel577@example.com,Doctor,Ahmedabad
578,Neha,Sharma,neha.sharma578@example.com,Teacher,Pune
579,Anjali,Mehta,anjali.mehta579@example.com,Engineer,Ahmedabad
580,Priya,Gupta,priya.gupta580@example.com,Analyst,Mumbai
581,Karan,Khan,karan.khan581@example.com,Developer,Kolkata
582,Amit,Mehta,amit.mehta582@example.com,Doctor,Kolkata
583,Karan,Iyer,karan.iyer583@example.com,Doctor,Mumbai
584,Pooja,Patel,pooja.patel584@example.com,Designer,Mumbai
585,Karan,Singh,karan.singh585@example.com,Manager,Kolkata
586,Rohit,Reddy,rohit.reddy586@example.com,Consultant,Chennai
587,Priya,Khan,priya.khan587@example.com,Doctor,Chennai
588,Priya,Sharma,priya.sharma588@example.com,Consultant,Kolkata
589,Arjun,Das,arjun.das589@example.com,Consultant,Ahmedabad
590,Karan,Mehta,karan.mehta590@example.com,Developer,Pune
591,Arjun,Das,arjun.das591@example.com,Developer,Bangalore
592,Rohit,Das,rohit.das592@example.com,Designer,Delhi
593,Arjun,Sharma,arjun.sharma593@example.com,Manager,Pune
594,Priya,Singh,priya.singh594@example.com,Teacher,Delhi
595,Rohit,Das,rohit.das595@example.com,Developer,Chennai
596,Sneha,Iyer,sneha.iyer596@example.com,Analyst,Ahmedabad
597,Pooja,Patel,pooja.patel597@example.com,Designer,Pune
598,Anjali,Joshi,anjali.joshi598@example.com,Engineer,Bangalore
599,Rahul,Khan,rahul.khan599@example.com,Engineer,Ahmedabad
600,Arjun,Joshi,arjun.joshi600@example.com,Teacher,Chennai
601,Amit,Iyer,amit.iyer601@example.com,Consultant,Pune
602,Sneha,Das,sneha.das602@example.com,Teacher,Bangalore
603,Sneha,Joshi,sneha.joshi603@example.com,Developer,Pune
604,Neha,Das,neha.das604@example.com,Manager,Kolkata
605,Anjali,Iyer,anjali.iyer605@example.com,Doctor,Chennai
606,Rohit,Sharma,rohit.sharma606@example.com,Engineer,Mumbai
607,Sneha,Mehta,sneha.mehta607@example.com,Analyst,Chennai
608,Rohit,Patel,rohit.patel608@example.com,Teacher,Ahmedabad
609,Karan,Reddy,karan.reddy609@example.com,Manager,Delhi
610,Pooja,Patel,pooja.patel610@example.com,Designer,Hyderabad
611,Rahul,Khan,rahul.khan611@example.com,Doctor,Delhi
612,Priya,Patel,priya.patel612@example.com,Designer,Bangalore
613,Amit,Gupta,amit.gupta613@example.com,Engineer,Bangalore
614,Priya,Mehta,priya.mehta614@example.com,Doctor,Chennai
615,Neha,Reddy,neha.reddy615@example.com,Developer,Kolkata
616,Amit,Das,amit.das616@example.com,Developer,Chennai
617,Amit,Mehta,amit.mehta617@example.com,Designer,Chennai
618,Rahul,Das,rahul.das618@example.com,Manager,Bangalore
619,Sneha,Mehta,sneha.mehta619@example.com,Engineer,Chennai
620,Priya,Reddy,priya.reddy620@example.com,Doctor,Kolkata
621,Neha,Singh,neha.singh621@example.com,Consultant,Bangalore
622,Sneha,Singh,sneha.singh622@example.com,Consultant,Chennai
623,Karan,Sharma,karan.sharma623@example.com,Manager,Hyderabad
624,Priya,Joshi,priya.joshi624@example.com,Developer,Kolkata
625,Pooja,Das,pooja.das625@example.com,Consultant,Ahmedabad
626,Neha,Gupta,neha.gupta626@example.com,Doctor,Bangalore
627,Pooja,Khan,pooja.khan627@example.com,Consultant,Ahmedabad
628,Priya,Gupta,priya.gupta628@example.com,Doctor,Delhi
629,Anjali,Reddy,anjali.reddy629@example.com,Designer,Hyderabad
630,Arjun,Mehta,arjun.mehta630@example.com,Engineer,Hyderabad
631,Pooja,Khan,pooja.khan631@example.com,Teacher,Kolkata
632,Sneha,Gupta,sneha.gupta632@example.com,Designer,Chennai
633,Priya,Reddy,priya.reddy633@example.com,Manager,Pune
634,Karan,Sharma,karan.sharma634@example.com,Manager,Chennai
635,Rohit,Khan,rohit.khan635@example.com,Developer,Hyderabad
636,Karan,Das,karan.das636@example.com,Consultant,Mumbai
637,Rahul,Gupta,rahul.gupta637@example.com,Manager,Delhi
638,Pooja,Mehta,pooja.mehta638@example.com,Developer,Kolkata
639,Sneha,Patel,sneha.patel639@example.com,Developer,Ahmedabad
640,Amit,Patel,amit.patel640@example.com,Doctor,Kolkata
641,Priya,Singh,priya.singh641@example.com,Teacher,Mumbai
642,Anjali,Sharma,anjali.sharma642@example.com,Manager,Bangalore
643,Rahul,Mehta,rahul.mehta643@example.com,Designer,Kolkata
644,Priya,Patel,priya.patel644@example.com,Designer,Hyderabad
645,Priya,Reddy,priya.reddy645@example.com,Teacher,Hyderabad
646,Rohit,Patel,rohit.patel646@example.com,Teacher,Delhi
647,Amit,Das,amit.das647@example.com,Consultant,Delhi
648,Pooja,Patel,pooja.patel648@example.com,Manager,Delhi
649,Rahul,Das,rahul.das649@example.com,Teacher,Ahmedabad
650,Anjali,Patel,anjali.patel650@example.com,Doctor,Hyderabad
651,Karan,Mehta,karan.mehta651@example.com,Designer,Kolkata
652,Rohit,Khan,rohit.khan652@example.com,Doctor,Delhi
653,Arjun,Joshi,arjun.joshi653@example.com,Teacher,Kolkata
654,Amit,Gupta,amit.gupta654@example.com,Teacher,Kolkata
655,Anjali,Khan,anjali.khan655@example.com,Teacher,Ahmedabad
656,Anjali,Das,anjali.das656@example.com,Manager,Hyderabad
657,Sneha,Das,sneha.das657@example.com,Consultant,Kolkata
658,Arjun,Khan,arjun.khan658@example.com,Doctor,Hyderabad
659,Sneha,Gupta,sneha.gupta659@example.com,Designer,Delhi
660,Priya,Das,priya.das660@example.com,Manager,Ahmedabad
661,Arjun,Iyer,arjun.iyer661@example.com,Consultant,Hyderabad
662,Arjun,Reddy,arjun.reddy662@example.com,Designer,Hyderabad
663,Priya,Sharma,priya.sharma663@example.com,Teacher,Pune
664,Sneha,Mehta,sneha.mehta664@example.com,Manager,Hyderabad
665,Karan,Reddy,karan.reddy665@example.com,Designer,Delhi
666,Pooja,Khan,pooja.khan666@example.com,Teacher,Ahmedabad
667,Neha,Mehta,neha.mehta667@example.com,Manager,Pune
668,Neha,Mehta,neha.mehta668@example.com,Doctor,Pune
669,Arjun,Mehta,arjun.mehta669@example.com,Doctor,Mumbai
670,Karan,Gupta,karan.gupta670@example.com,Designer,Bangalore
671,Karan,Sharma,karan.sharma671@example.com,Analyst,Pune
672,Rohit,Singh,rohit.singh672@example.com,Developer,Delhi
673,Rahul,Khan,rahul.khan673@example.com,Engineer,Delhi
674,Rohit,Iyer,rohit.iyer674@example.com,Consultant,Hyderabad
675,Pooja,Khan,pooja.khan675@example.com,Doctor,Hyderabad
676,Priya,Patel,priya.patel676@example.com,Manager,Hyderabad
677,Karan,Singh,karan.singh677@example.com,Manager,Bangalore
678,Karan,Das,karan.das678@example.com,Developer,Pune
679,Karan,Patel,karan.patel679@example.com,Engineer,Mumbai
680,Rahul,Sharma,rahul.sharma680@example.com,Teacher,Ahmedabad
681,Amit,Mehta,amit.mehta681@example.com,Doctor,Ahmedabad
682,Arjun,Reddy,arjun.reddy682@example.com,Engineer,Chennai
683,Pooja,Singh,pooja.singh683@example.com,Doctor,Ahmedabad
684,Neha,Joshi,neha.joshi684@example.com,Doctor,Chennai
685,Arjun,Patel,arjun.patel685@example.com,Engineer,Ahmedabad
686,Pooja,Sharma,pooja.sharma686@example.com,Designer,Bangalore
687,Amit,Gupta,amit.gupta687@example.com,Developer,Delhi
688,Karan,Mehta,karan.mehta688@example.com,Developer,Ahmedabad
689,Rohit,Gupta,rohit.gupta689@example.com,Analyst,Ahmedabad
690,Neha,Gupta,neha.gupta690@example.com,Engineer,Ahmedabad
691,Amit,Singh,amit.singh691@example.com,Designer,Chennai
692,Rohit,Reddy,rohit.reddy692@example.com,Consultant,Hyderabad
693,Pooja,Mehta,pooja.mehta693@example.com,Developer,Pune
694,Rohit,Khan,rohit.khan694@example.com,Manager,Chennai
695,Pooja,Patel,pooja.patel695@example.com,Designer,Bangalore
696,Karan,Reddy,karan.reddy696@example.com,Analyst,Chennai
697,Pooja,Singh,pooja.singh697@example.com,Teacher,Ahmedabad
698,Rohit,Reddy,rohit.reddy698@example.com,Consultant,Kolkata
699,Sneha,Gupta,sneha.gupta699@example.com,Manager,Chennai
700,Karan,Iyer,karan.iyer700@example.com,Consultant,Delhi
701,Sneha,Joshi,sneha.joshi701@example.com,Designer,Hyderabad
702,Anjali,Reddy,anjali.reddy702@example.com,Analyst,Chennai
703,Sneha,Reddy,sneha.reddy703@example.com,Teacher,Kolkata
704,Priya,Gupta,priya.gupta704@example.com,Developer,Delhi
705,Pooja,Das,pooja.das705@example.com,Developer,Ahmedabad
706,Sneha,Sharma,sneha.sharma706@example.com,Developer,Ahmedabad
707,Priya,Patel,priya.patel707@example.com,Designer,Kolkata
708,Rohit,Sharma,rohit.sharma708@example.com,Teacher,Hyderabad
709,Arjun,Joshi,arjun.joshi709@example.com,Manager,Kolkata
710,Amit,Iyer,amit.iyer710@example.com,Engineer,Hyderabad
711,Arjun,Iyer,arjun.iyer711@example.com,Developer,Ahmedabad
712,Rohit,Sharma,rohit.sharma712@example.com,Teacher,Pune
713,Arjun,Mehta,arjun.mehta713@example.com,Analyst,Chennai
714,Sneha,Patel,sneha.patel714@example.com,Manager,Delhi
715,Karan,Mehta,karan.mehta715@example.com,Teacher,Bangalore
716,Rohit,Joshi,rohit.joshi716@example.com,Doctor,Chennai
717,Pooja,Reddy,pooja.reddy717@example.com,Manager,Chennai
718,Neha,Patel,neha.patel718@example.com,Manager,Hyderabad
719,Neha,Sharma,neha.sharma719@example.com,Consultant,Mumbai
720,Anjali,Sharma,anjali.sharma720@example.com,Analyst,Bangalore
721,Arjun,Das,arjun.das721@example.com,Manager,Ahmedabad
722,Amit,Reddy,amit.reddy722@example.com,Doctor,Pune
723,Anjali,Das,anjali.das723@example.com,Teacher,Kolkata
724,Sneha,Das,sneha.das724@example.com,Analyst,Pune
725,Rahul,Khan,rahul.khan725@example.com,Teacher,Kolkata
726,Rohit,Gupta,rohit.gupta726@example.com,Doctor,Bangalore
727,Neha,Mehta,neha.mehta727@example.com,Manager,Bangalore
728,Rahul,Sharma,rahul.sharma728@example.com,Engineer,Hyderabad
729,Neha,Das,neha.das729@example.com,Developer,Delhi
730,Rahul,Singh,rahul.singh730@example.com,Developer,Pune
731,Pooja,Patel,pooja.patel731@example.com,Analyst,Mumbai
732,Amit,Patel,amit.patel732@example.com,Developer,Hyderabad
733,Priya,Mehta,priya.mehta733@example.com,Designer,Delhi
734,Arjun,Iyer,arjun.iyer734@example.com,Developer,Kolkata
735,Sneha,Sharma,sneha.sharma735@example.com,Manager,Hyderabad
736,Arjun,Khan,arjun.khan736@example.com,Teacher,Ahmedabad
737,Pooja,Sharma,pooja.sharma737@example.com,Developer,Mumbai
738,Arjun,Sharma,arjun.sharma738@example.com,Consultant,Hyderabad
739,Rahul,Mehta,rahul.mehta739@example.com,Manager,Pune
740,Priya,Singh,priya.singh740@example.com,Designer,Kolkata
741,Priya,Mehta,priya.mehta741@example.com,Doctor,Kolkata
742,Arjun,Mehta,arjun.mehta742@example.com,Analyst,Mumbai
743,Karan,Mehta,karan.mehta743@example.com,Designer,Kolkata
744,Karan,Mehta,karan.mehta744@example.com,Designer,Bangalore
745,Amit,Das,amit.das745@example.com,Designer,Bangalore
746,Rahul,Patel,rahul.patel746@example.com,Developer,Ahmedabad
747,Rohit,Singh,rohit.singh747@example.com,Teacher,Mumbai
748,Priya,Reddy,priya.reddy748@example.com,Analyst,Chennai
749,Arjun,Mehta,arjun.mehta749@example.com,Analyst,Pune
750,Pooja,Khan,pooja.khan750@example.com,Developer,Bangalore
751,Rohit,Singh,rohit.singh751@example.com,Teacher,Chennai
752,Priya,Gupta,priya.gupta752@example.com,Designer,Delhi
753,Amit,Singh,amit.singh753@example.com,Consultant,Bangalore
754,Rohit,Mehta,rohit.mehta754@example.com,Analyst,Chennai
755,Neha,Sharma,neha.sharma755@example.com,Manager,Mumbai
756,Arjun,Sharma,arjun.sharma756@example.com,Consultant,Mumbai
757,Arjun,Das,arjun.das757@example.com,Designer,Ahmedabad
758,Amit,Mehta,amit.mehta758@example.com,Engineer,Bangalore
759,Priya,Mehta,priya.mehta759@example.com,Manager,Mumbai
760,Amit,Singh,amit.singh760@example.com,Developer,Mumbai
761,Anjali,Singh,anjali.singh761@example.com,Manager,Mumbai
762,Arjun,Iyer,arjun.iyer762@example.com,Consultant,Chennai
763,Amit,Khan,amit.khan763@example.com,Developer,Delhi
764,Rahul,Mehta,rahul.mehta764@example.com,Doctor,Pune
765,Pooja,Iyer,pooja.iyer765@example.com,Designer,Ahmedabad
766,Anjali,Joshi,anjali.joshi766@example.com,Analyst,Bangalore
767,Arjun,Reddy,arjun.reddy767@example.com,Engineer,Kolkata
768,Pooja,Patel,pooja.patel768@example.com,Teacher,Pune
769,Karan,Gupta,karan.gupta769@example.com,Designer,Bangalore
770,Amit,Singh,amit.singh770@example.com,Doctor,Delhi
771,Pooja,Mehta,pooja.mehta771@example.com,Analyst,Hyderabad
772,Amit,Das,amit.das772@example.com,Teacher,Ahmedabad
773,Amit,Reddy,amit.reddy773@example.com,Developer,Chennai
774,Pooja,Khan,pooja.khan774@example.com,Engineer,Bangalore
775,Rohit,Reddy,rohit.reddy775@example.com,Analyst,Pune
776,Rohit,Das,rohit.das776@example.com,Developer,Mumbai
777,Pooja,Khan,pooja.khan777@example.com,Designer,Chennai
778,Sneha,Patel,sneha.patel778@example.com,Doctor,Ahmedabad
779,Rohit,Patel,rohit.patel779@example.com,Analyst,Mumbai
780,Neha,Joshi,neha.joshi780@example.com,Engineer,Delhi
781,Arjun,Khan,arjun.khan781@example.com,Analyst,Hyderabad
782,Amit,Iyer,amit.iyer782@example.com,Manager,Hyderabad
783,Priya,Das,priya.das783@example.com,Engineer,Pune
784,Amit,Singh,amit.singh784@example.com,Engineer,Hyderabad
785,Rohit,Iyer,rohit.iyer785@example.com,Analyst,Kolkata
786,Neha,Mehta,neha.mehta786@example.com,Designer,Kolkata
787,Pooja,Reddy,pooja.reddy787@example.com,Analyst,Mumbai
788,Sneha,Gupta,sneha.gupta788@example.com,Doctor,Chennai
789,Karan,Gupta,karan.gupta789@example.com,Engineer,Pune
790,Karan,Sharma,karan.sharma790@example.com,Developer,Mumbai
791,Rahul,Singh,rahul.singh791@example.com,Engineer,Hyderabad
792,Pooja,Khan,pooja.khan792@example.com,Teacher,Pune
793,Pooja,Sharma,pooja.sharma793@example.com,Doctor,Mumbai
794,Karan,Gupta,karan.gupta794@example.com,Analyst,Chennai
795,Neha,Patel,neha.patel795@example.com,Teacher,Bangalore
796,Pooja,Iyer,pooja.iyer796@example.com,Doctor,Hyderabad
797,Priya,Joshi,priya.joshi797@example.com,Doctor,Chennai
798,Amit,Khan,amit.khan798@example.com,Consultant,Hyderabad
799,Neha,Patel,neha.patel799@example.com,Doctor,Bangalore
800,Anjali,Joshi,anjali.joshi800@example.com,Doctor,Chennai
801,Karan,Khan,karan.khan801@example.com,Teacher,Mumbai
802,Neha,Das,neha.das802@example.com,Designer,Mumbai
803,Neha,Reddy,neha.reddy803@example.com,Analyst,Hyderabad
804,Priya,Patel,priya.patel804@example.com,Designer,Kolkata
805,Rohit,Mehta,rohit.mehta805@example.com,Engineer,Delhi
806,Rohit,Sharma,rohit.sharma806@example.com,Engineer,Delhi
807,Sneha,Reddy,sneha.reddy807@example.com,Analyst,Mumbai
808,Rohit,Das,rohit.das808@example.com,Engineer,Hyderabad
809,Karan,Reddy,karan.reddy809@example.com,Consultant,Hyderabad
810,Arjun,Singh,arjun.singh810@example.com,Developer,Pune
811,Sneha,Iyer,sneha.iyer811@example.com,Designer,Chennai
812,Priya,Gupta,priya.gupta812@example.com,Doctor,Hyderabad
813,Amit,Joshi,amit.joshi813@example.com,Consultant,Mumbai
814,Arjun,Patel,arjun.patel814@example.com,Designer,Delhi
815,Anjali,Khan,anjali.khan815@example.com,Teacher,Pune
816,Karan,Khan,karan.khan816@example.com,Manager,Delhi
817,Sneha,Iyer,sneha.iyer817@example.com,Developer,Pune
818,Priya,Sharma,priya.sharma818@example.com,Manager,Delhi
819,Karan,Singh,karan.singh819@example.com,Designer,Hyderabad
820,Rahul,Sharma,rahul.sharma820@example.com,Teacher,Chennai
821,Rohit,Joshi,rohit.joshi821@example.com,Manager,Pune
822,Pooja,Khan,pooja.khan822@example.com,Doctor,Chennai
823,Rohit,Joshi,rohit.joshi823@example.com,Engineer,Delhi
824,Neha,Das,neha.das824@example.com,Analyst,Mumbai
825,Rahul,Reddy,rahul.reddy825@example.com,Teacher,Hyderabad
826,Priya,Iyer,priya.iyer826@example.com,Engineer,Pune
827,Anjali,Khan,anjali.khan827@example.com,Consultant,Chennai
828,Arjun,Iyer,arjun.iyer828@example.com,Engineer,Ahmedabad
829,Arjun,Sharma,arjun.sharma829@example.com,Analyst,Mumbai
830,Karan,Singh,karan.singh830@example.com,Analyst,Delhi
831,Arjun,Das,arjun.das831@example.com,Engineer,Hyderabad
832,Rohit,Sharma,rohit.sharma832@example.com,Designer,Pune
833,Arjun,Reddy,arjun.reddy833@example.com,Developer,Bangalore
834,Sneha,Reddy,sneha.reddy834@example.com,Designer,Kolkata
835,Anjali,Iyer,anjali.iyer835@example.com,Analyst,Kolkata
836,Priya,Patel,priya.patel836@example.com,Analyst,Bangalore
837,Amit,Patel,amit.patel837@example.com,Doctor,Kolkata
838,Neha,Patel,neha.patel838@example.com,Designer,Mumbai
839,Priya,Sharma,priya.sharma839@example.com,Consultant,Kolkata
840,Rohit,Sharma,rohit.sharma840@example.com,Analyst,Kolkata
841,Priya,Khan,priya.khan841@example.com,Engineer,Mumbai
842,Priya,Sharma,priya.sharma842@example.com,Teacher,Ahmedabad
843,Rahul,Khan,rahul.khan843@example.com,Consultant,Pune
844,Rahul,Patel,rahul.patel844@example.com,Engineer,Ahmedabad
845,Neha,Joshi,neha.joshi845@example.com,Teacher,Mumbai
846,Amit,Patel,amit.patel846@example.com,Teacher,Delhi
847,Rahul,Khan,rahul.khan847@example.com,Engineer,Bangalore
848,Amit,Singh,amit.singh848@example.com,Manager,Mumbai
849,Sneha,Patel,sneha.patel849@example.com,Developer,Chennai
850,Arjun,Iyer,arjun.iyer850@example.com,Developer,Mumbai
851,Anjali,Reddy,anjali.reddy851@example.com,Designer,Kolkata
852,Priya,Mehta,priya.mehta852@example.com,Consultant,Chennai
853,Rohit,Mehta,rohit.mehta853@example.com,Analyst,Kolkata
854,Arjun,Gupta,arjun.gupta854@example.com,Designer,Pune
855,Rahul,Reddy,rahul.reddy855@example.com,Teacher,Pune
856,Arjun,Joshi,arjun.joshi856@example.com,Manager,Kolkata
857,Sneha,Das,sneha.das857@example.com,Doctor,Mumbai
858,Karan,Khan,karan.khan858@example.com,Designer,Mumbai
859,Neha,Mehta,neha.mehta859@example.com,Doctor,Bangalore
860,Rahul,Singh,rahul.singh860@example.com,Doctor,Ahmedabad
861,Anjali,Reddy,anjali.reddy861@example.com,Manager,Kolkata
862,Priya,Mehta,priya.mehta862@example.com,Engineer,Bangalore
863,Pooja,Sharma,pooja.sharma863@example.com,Manager,Chennai
864,Amit,Iyer,amit.iyer864@example.com,Consultant,Ahmedabad
865,Rohit,Sharma,rohit.sharma865@example.com,Designer,Pune
866,Amit,Reddy,amit.reddy866@example.com,Developer,Pune
867,Anjali,Iyer,anjali.iyer867@example.com,Analyst,Pune
868,Arjun,Khan,arjun.khan868@example.com,Teacher,Delhi
869,Sneha,Sharma,sneha.sharma869@example.com,Designer,Kolkata
870,Anjali,Sharma,anjali.sharma870@example.com,Consultant,Ahmedabad
871,Arjun,Gupta,arjun.gupta871@example.com,Engineer,Ahmedabad
872,Neha,Khan,neha.khan872@example.com,Designer,Ahmedabad
873,Amit,Reddy,amit.reddy873@example.com,Consultant,Mumbai
874,Rahul,Singh,rahul.singh874@example.com,Manager,Hyderabad
875,Sneha,Khan,sneha.khan875@example.com,Developer,Delhi
876,Rahul,Joshi,rahul.joshi876@example.com,Manager,Kolkata
877,Karan,Singh,karan.singh877@example.com,Consultant,Kolkata
878,Sneha,Mehta,sneha.mehta878@example.com,Consultant,Pune
879,Arjun,Sharma,arjun.sharma879@example.com,Analyst,Bangalore
880,Anjali,Khan,anjali.khan880@example.com,Engineer,Hyderabad
881,Sneha,Singh,sneha.singh881@example.com,Designer,Delhi
882,Sneha,Sharma,sneha.sharma882@example.com,Manager,Chennai
883,Pooja,Gupta,pooja.gupta883@example.com,Teacher,Delhi
884,Priya,Mehta,priya.mehta884@example.com,Teacher,Ahmedabad
885,Arjun,Gupta,arjun.gupta885@example.com,Developer,Delhi
886,Arjun,Patel,arjun.patel886@example.com,Designer,Delhi
887,Priya,Reddy,priya.reddy887@example.com,Engineer,Bangalore
888,Pooja,Mehta,pooja.mehta888@example.com,Consultant,Mumbai
889,Anjali,Khan,anjali.khan889@example.com,Teacher,Hyderabad
890,Amit,Iyer,amit.iyer890@example.com,Consultant,Hyderabad
891,Karan,Iyer,karan.iyer891@example.com,Designer,Chennai
892,Rohit,Patel,rohit.patel892@example.com,Teacher,Bangalore
893,Rahul,Sharma,rahul.sharma893@example.com,Doctor,Kolkata
894,Arjun,Mehta,arjun.mehta894@example.com,Engineer,Ahmedabad
895,Karan,Singh,karan.singh895@example.com,Consultant,Mumbai
896,Neha,Gupta,neha.gupta896@example.com,Analyst,Bangalore
897,Karan,Mehta,karan.mehta897@example.com,Engineer,Delhi
898,Rahul,Das,rahul.das898@example.com,Engineer,Ahmedabad
899,Priya,Mehta,priya.mehta899@example.com,Manager,Mumbai
900,Sneha,Patel,sneha.patel900@example.com,Designer,Delhi
901,Sneha,Patel,sneha.patel901@example.com,Manager,Hyderabad
902,Anjali,Sharma,anjali.sharma902@example.com,Developer,Hyderabad
903,Arjun,Das,arjun.das903@example.com,Consultant,Mumbai
904,Pooja,Khan,pooja.khan904@example.com,Manager,Kolkata
905,Amit,Khan,amit.khan905@example.com,Doctor,Ahmedabad
906,Anjali,Sharma,anjali.sharma906@example.com,Consultant,Bangalore
907,Neha,Reddy,neha.reddy907@example.com,Analyst,Bangalore
908,Neha,Das,neha.das908@example.com,Consultant,Mumbai
909,Rahul,Joshi,rahul.joshi909@example.com,Teacher,Mumbai
910,Amit,Mehta,amit.mehta910@example.com,Doctor,Pune
911,Rahul,Khan,rahul.khan911@example.com,Consultant,Hyderabad
912,Priya,Khan,priya.khan912@example.com,Teacher,Chennai
913,Pooja,Sharma,pooja.sharma913@example.com,Engineer,Pune
914,Sneha,Singh,sneha.singh914@example.com,Consultant,Delhi
915,Rohit,Iyer,rohit.iyer915@example.com,Teacher,Pune
916,Pooja,Das,pooja.das916@example.com,Developer,Pune
917,Pooja,Das,pooja.das917@example.com,Manager,Bangalore
918,Amit,Joshi,amit.joshi918@example.com,Developer,Chennai
919,Sneha,Sharma,sneha.sharma919@example.com,Analyst,Chennai
920,Anjali,Das,anjali.das920@example.com,Engineer,Bangalore
921,Anjali,Mehta,anjali.mehta921@example.com,Teacher,Chennai
922,Neha,Joshi,neha.joshi922@example.com,Consultant,Pune
923,Rahul,Gupta,rahul.gupta923@example.com,Analyst,Delhi
924,Sneha,Patel,sneha.patel924@example.com,Manager,Kolkata
925,Karan,Khan,karan.khan925@example.com,Consultant,Mumbai
926,Sneha,Singh,sneha.singh926@example.com,Doctor,Bangalore
927,Rahul,Patel,rahul.patel927@example.com,Consultant,Hyderabad
928,Arjun,Khan,arjun.khan928@example.com,Doctor,Ahmedabad
929,Rohit,Sharma,rohit.sharma929@example.com,Analyst,Pune
930,Amit,Gupta,amit.gupta930@example.com,Teacher,Bangalore
931,Neha,Mehta,neha.mehta931@example.com,Engineer,Bangalore
932,Arjun,Das,arjun.das932@example.com,Designer,Kolkata
933,Neha,Iyer,neha.iyer933@example.com,Designer,Chennai
934,Neha,Mehta,neha.mehta934@example.com,Doctor,Pune
935,Priya,Mehta,priya.mehta935@example.com,Analyst,Bangalore
936,Neha,Singh,neha.singh936@example.com,Doctor,Ahmedabad
937,Anjali,Khan,anjali.khan937@example.com,Manager,Bangalore
938,Rohit,Patel,rohit.patel938@example.com,Designer,Kolkata
939,Rahul,Reddy,rahul.reddy939@example.com,Teacher,Bangalore
940,Priya,Singh,priya.singh940@example.com,Engineer,Mumbai
941,Amit,Gupta,amit.gupta941@example.com,Doctor,Ahmedabad
942,Rahul,Khan,rahul.khan942@example.com,Developer,Mumbai
943,Pooja,Joshi,pooja.joshi943@example.com,Consultant,Mumbai
944,Anjali,Iyer,anjali.iyer944@example.com,Consultant,Kolkata
945,Karan,Patel,karan.patel945@example.com,Engineer,Delhi
946,Rohit,Singh,rohit.singh946@example.com,Teacher,Pune
947,Sneha,Gupta,sneha.gupta947@example.com,Designer,Mumbai
948,Karan,Iyer,karan.iyer948@example.com,Analyst,Bangalore
949,Anjali,Mehta,anjali.mehta949@example.com,Designer,Ahmedabad
950,Amit,Khan,amit.khan950@example.com,Manager,Hyderabad
951,Rohit,Iyer,rohit.iyer951@example.com,Teacher,Mumbai
952,Arjun,Das,arjun.das952@example.com,Engineer,Kolkata
953,Arjun,Patel,arjun.patel953@example.com,Developer,Pune
954,Neha,Khan,neha.khan954@example.com,Manager,Delhi
955,Neha,Patel,neha.patel955@example.com,Manager,Kolkata
956,Priya,Singh,priya.singh956@example.com,Engineer,Kolkata
957,Neha,Singh,neha.singh957@example.com,Analyst,Pune
958,Priya,Mehta,priya.mehta958@example.com,Consultant,Chennai
959,Sneha,Singh,sneha.singh959@example.com,Developer,Ahmedabad
960,Rahul,Joshi,rahul.joshi960@example.com,Doctor,Chennai
961,Rohit,Reddy,rohit.reddy961@example.com,Designer,Mumbai
962,Sneha,Patel,sneha.patel962@example.com,Developer,Ahmedabad
963,Sneha,Mehta,sneha.mehta963@example.com,Analyst,Mumbai
964,Pooja,Sharma,pooja.sharma964@example.com,Developer,Hyderabad
965,Priya,Reddy,priya.reddy965@example.com,Teacher,Chennai
966,Pooja,Khan,pooja.khan966@example.com,Engineer,Ahmedabad
967,Rahul,Joshi,rahul.joshi967@example.com,Consultant,Mumbai
968,Anjali,Joshi,anjali.joshi968@example.com,Consultant,Mumbai
969,Priya,Sharma,priya.sharma969@example.com,Analyst,Delhi
970,Arjun,Mehta,arjun.mehta970@example.com,Doctor,Ahmedabad
971,Priya,Joshi,priya.joshi971@example.com,Teacher,Pune
972,Arjun,Gupta,arjun.gupta972@example.com,Engineer,Kolkata
973,Karan,Das,karan.das973@example.com,Developer,Delhi
974,Rahul,Gupta,rahul.gupta974@example.com,Engineer,Pune
975,Amit,Khan,amit.khan975@example.com,Developer,Mumbai
976,Rahul,Das,rahul.das976@example.com,Developer,Kolkata
977,Pooja,Singh,pooja.singh977@example.com,Designer,Hyderabad
978,Priya,Patel,priya.patel978@example.com,Consultant,Kolkata
979,Rohit,Das,rohit.das979@example.com,Engineer,Bangalore
980,Pooja,Mehta,pooja.mehta980@example.com,Doctor,Ahmedabad
981,Arjun,Das,arjun.das981@example.com,Analyst,Mumbai
982,Amit,Sharma,amit.sharma982@example.com,Developer,Bangalore
983,Priya,Joshi,priya.joshi983@example.com,Doctor,Ahmedabad
984,Anjali,Khan,anjali.khan984@example.com,Developer,Chennai
985,Amit,Gupta,amit.gupta985@example.com,Developer,Delhi
986,Rahul,Das,rahul.das986@example.com,Doctor,Kolkata
987,Karan,Reddy,karan.reddy987@example.com,Consultant,Bangalore
988,Sneha,Gupta,sneha.gupta988@example.com,Engineer,Bangalore
989,Priya,Patel,priya.patel989@example.com,Developer,Kolkata
990,Neha,Reddy,neha.reddy990@example.com,Analyst,Chennai
991,Rohit,Joshi,rohit.joshi991@example.com,Developer,Mumbai
992,Karan,Sharma,karan.sharma992@example.com,Analyst,Hyderabad
993,Rahul,Iyer,rahul.iyer993@example.com,Engineer,Delhi
994,Amit,Mehta,amit.mehta994@example.com,Developer,Delhi
995,Anjali,Joshi,anjali.joshi995@example.com,Designer,Mumbai
996,Anjali,Reddy,anjali.reddy996@example.com,Engineer,Delhi
997,Pooja,Gupta,pooja.gupta997@example.com,Teacher,Hyderabad
998,Neha,Mehta,neha.mehta998@example.com,Doctor,Kolkata
999,Anjali,Khan,anjali.khan999@example.com,Manager,Pune
1000,Arjun,Iyer,arjun.iyer1000@example.com,Doctor,Delhi
